{
    "businesses": [
        {
            "name":"Business 1",
            "streetAddress":"123 Main Street",
            "cityStateZip":"Teton, ID 83451",
            "phoneNumber":"208-458-0000",
            "websiteURL":"https://localhost/teton/1.2/",
            "imageURL":"./images/logo1.png",
            "membershipLevel":"nonprofit",
            "adcopy":"Your ad here."
        },
        {
            "name":"Business 2",
            "streetAddress":"123 Main Street",
            "cityStateZip":"Teton, ID 83451",
            "phoneNumber":"208-458-0000",
            "websiteURL":"https://localhost/teton/1.2/",
            "imageURL":"./images/logo1.png",
            "membershipLevel":"nonprofit",
            "adcopy":"Your ad here."
        },
        {
            "name":"Business 3",
            "streetAddress":"123 Main Street",
            "cityStateZip":"Teton, ID 83451",
            "phoneNumber":"208-458-0000",
            "websiteURL":"https://localhost/teton/1.2/",
            "imageURL":"./images/logo1.png",
            "membershipLevel":"nonprofit",
            "adcopy":"Your ad here."
        }
    ]
}